{"fit_time": [1.372206449508667, 1.5007994174957275, 1.0176620483398438, 1.2355396747589111, 1.3483378887176514, 1.3448500633239746, 1.160254716873169, 1.7380139827728271, 1.2998151779174805, 1.0917234420776367, 1.313002109527588, 1.1795330047607422, 1.0901710987091064, 1.614853858947754, 1.2840690612792969, 1.3105103969573975, 1.2045750617980957, 1.2830166816711426, 1.1003923416137695, 1.4205949306488037], "score_time": [6.073509216308594, 5.620439052581787, 5.189483404159546, 5.300657033920288, 5.90203595161438, 5.4660725593566895, 6.359225034713745, 6.833040952682495, 7.178568363189697, 4.98588228225708, 7.792455196380615, 5.570126056671143, 5.539081335067749, 6.9356396198272705, 6.395690441131592, 8.03769564628601, 6.425004005432129, 6.631781578063965, 8.519288063049316, 5.968226671218872], "test_accuracy": [0.8621082621082621, 0.8455840455840455, 0.8438746438746438, 0.8507122507122508, 0.8455840455840455, 0.8501424501424502, 0.8467236467236468, 0.8507122507122508, 0.8467236467236468, 0.8535612535612536, 0.8455840455840455, 0.860968660968661, 0.8541310541310542, 0.854618015963512, 0.8523375142531356, 0.8489167616875712, 0.8591790193842646, 0.8460661345496009, 0.8529076396807298, 0.8403648802736602], "train_accuracy": [0.87827704121423, 0.8787569740236367, 0.8788169656248125, 0.8789069530265763, 0.8789069530265763, 0.8790569320295158, 0.8787569740236367, 0.8780070790089387, 0.8786669866218729, 0.8785170076189334, 0.8785470034195213, 0.8780070790089387, 0.8785470034195213, 0.8787006208944479, 0.8784606616875131, 0.8785806412909806, 0.8787006208944479, 0.8787006208944479, 0.8782506973814451, 0.879720447523921], "test_precision": [0.42857142857142855, 0.20634920634920634, 0.15517241379310345, 0.2878787878787879, 0.2318840579710145, 0.2542372881355932, 0.23880597014925373, 0.28125, 0.19298245614035087, 0.2982456140350877, 0.2153846153846154, 0.4166666666666667, 0.30357142857142855, 0.2608695652173913, 0.2903225806451613, 0.2647058823529412, 0.37037037037037035, 0.1864406779661017, 0.2549019607843137, 0.11475409836065574], "train_precision": [0.6573080099091659, 0.6652789342214821, 0.670076726342711, 0.6672212978369384, 0.6623586429725363, 0.670864819479429, 0.661513425549227, 0.6570945945945946, 0.6658249158249159, 0.6611433305716653, 0.6644182124789207, 0.662020905923345, 0.6689774696707106, 0.6617647058823529, 0.6644067796610169, 0.664983164983165, 0.6622950819672131, 0.6647254575707154, 0.6672519754170325, 0.6731078904991948], "test_recall": [0.10256410256410256, 0.05555555555555555, 0.038461538461538464, 0.0811965811965812, 0.06837606837606838, 0.0641025641025641, 0.06837606837606838, 0.07692307692307693, 0.04700854700854701, 0.07264957264957266, 0.05982905982905983, 0.10683760683760683, 0.07264957264957266, 0.05150214592274678, 0.07725321888412018, 0.07725321888412018, 0.08583690987124463, 0.04721030042918455, 0.055793991416309016, 0.030042918454935622], "train_recall": [0.17931966659157467, 0.1799954944807389, 0.17706690696102725, 0.18067132236990313, 0.1847262897048885, 0.1799954944807389, 0.1831493579635053, 0.17526469925658933, 0.17819328677630097, 0.17977021851768415, 0.17751745888713674, 0.17120973192160396, 0.17391304347826086, 0.18243243243243243, 0.17657657657657658, 0.17792792792792791, 0.18198198198198198, 0.17995495495495495, 0.17117117117117117, 0.18828828828828828], "test_f1": [0.16551724137931034, 0.08754208754208755, 0.06164383561643835, 0.12666666666666668, 0.10561056105610561, 0.10238907849829351, 0.10631229235880399, 0.12080536912751678, 0.07560137457044673, 0.11683848797250859, 0.09364548494983277, 0.17006802721088435, 0.11724137931034483, 0.08602150537634409, 0.12203389830508475, 0.11960132890365449, 0.13937282229965156, 0.07534246575342465, 0.09154929577464789, 0.047619047619047616], "train_f1": [0.28176991150442476, 0.2833333333333333, 0.28011404133998574, 0.2843467470306683, 0.28888497445834066, 0.2838365896980462, 0.28687367678193365, 0.2767206117730749, 0.28114448196196906, 0.2826780021253985, 0.2801777777777778, 0.27206013960980846, 0.27605935991417846, 0.2860169491525424, 0.27900355871886123, 0.28073916133617627, 0.2855123674911661, 0.28323289613612196, 0.2724502599032085, 0.2942625835973249]}